[{"model": "auth.permission", "fields": {"name": "Can add log entry", "content_type": 1, "codename": "add_logentry"}}, {"model": "auth.permission", "fields": {"name": "Can change log entry", "content_type": 1, "codename": "change_logentry"}}, {"model": "auth.permission", "fields": {"name": "Can delete log entry", "content_type": 1, "codename": "delete_logentry"}}, {"model": "auth.permission", "fields": {"name": "Can add permission", "content_type": 2, "codename": "add_permission"}}, {"model": "auth.permission", "fields": {"name": "Can change permission", "content_type": 2, "codename": "change_permission"}}, {"model": "auth.permission", "fields": {"name": "Can delete permission", "content_type": 2, "codename": "delete_permission"}}, {"model": "auth.permission", "fields": {"name": "Can add group", "content_type": 3, "codename": "add_group"}}, {"model": "auth.permission", "fields": {"name": "Can change group", "content_type": 3, "codename": "change_group"}}, {"model": "auth.permission", "fields": {"name": "Can delete group", "content_type": 3, "codename": "delete_group"}}, {"model": "auth.permission", "fields": {"name": "Can add user", "content_type": 4, "codename": "add_user"}}, {"model": "auth.permission", "fields": {"name": "Can change user", "content_type": 4, "codename": "change_user"}}, {"model": "auth.permission", "fields": {"name": "Can delete user", "content_type": 4, "codename": "delete_user"}}, {"model": "auth.permission", "fields": {"name": "Can add content type", "content_type": 5, "codename": "add_contenttype"}}, {"model": "auth.permission", "fields": {"name": "Can change content type", "content_type": 5, "codename": "change_contenttype"}}, {"model": "auth.permission", "fields": {"name": "Can delete content type", "content_type": 5, "codename": "delete_contenttype"}}, {"model": "auth.permission", "fields": {"name": "Can add session", "content_type": 6, "codename": "add_session"}}, {"model": "auth.permission", "fields": {"name": "Can change session", "content_type": 6, "codename": "change_session"}}, {"model": "auth.permission", "fields": {"name": "Can delete session", "content_type": 6, "codename": "delete_session"}}, {"model": "auth.permission", "fields": {"name": "Can add student", "content_type": 7, "codename": "add_student"}}, {"model": "auth.permission", "fields": {"name": "Can change student", "content_type": 7, "codename": "change_student"}}, {"model": "auth.permission", "fields": {"name": "Can delete student", "content_type": 7, "codename": "delete_student"}}, {"model": "auth.permission", "fields": {"name": "Can add \u0413\u0440\u0443\u043f\u0430", "content_type": 8, "codename": "add_group"}}, {"model": "auth.permission", "fields": {"name": "Can change \u0413\u0440\u0443\u043f\u0430", "content_type": 8, "codename": "change_group"}}, {"model": "auth.permission", "fields": {"name": "Can delete \u0413\u0440\u0443\u043f\u0430", "content_type": 8, "codename": "delete_group"}}, {"model": "auth.permission", "fields": {"name": "Can add \u0406\u0441\u043f\u0438\u0442", "content_type": 10, "codename": "add_exam"}}, {"model": "auth.permission", "fields": {"name": "Can change \u0406\u0441\u043f\u0438\u0442", "content_type": 10, "codename": "change_exam"}}, {"model": "auth.permission", "fields": {"name": "Can delete \u0406\u0441\u043f\u0438\u0442", "content_type": 10, "codename": "delete_exam"}}, {"model": "auth.permission", "fields": {"name": "Can add \u041c\u0456\u0441\u044f\u0447\u043d\u0438\u0439 \u0416\u0443\u0440\u043d\u0430\u043b", "content_type": 11, "codename": "add_monthjournal"}}, {"model": "auth.permission", "fields": {"name": "Can change \u041c\u0456\u0441\u044f\u0447\u043d\u0438\u0439 \u0416\u0443\u0440\u043d\u0430\u043b", "content_type": 11, "codename": "change_monthjournal"}}, {"model": "auth.permission", "fields": {"name": "Can delete \u041c\u0456\u0441\u044f\u0447\u043d\u0438\u0439 \u0416\u0443\u0440\u043d\u0430\u043b", "content_type": 11, "codename": "delete_monthjournal"}}, {"model": "auth.permission", "fields": {"name": "Can add registration profile", "content_type": 12, "codename": "add_registrationprofile"}}, {"model": "auth.permission", "fields": {"name": "Can change registration profile", "content_type": 12, "codename": "change_registrationprofile"}}, {"model": "auth.permission", "fields": {"name": "Can delete registration profile", "content_type": 12, "codename": "delete_registrationprofile"}}, {"model": "auth.permission", "fields": {"name": "Can add User Profile", "content_type": 13, "codename": "add_stprofile"}}, {"model": "auth.permission", "fields": {"name": "Can change User Profile", "content_type": 13, "codename": "change_stprofile"}}, {"model": "auth.permission", "fields": {"name": "Can delete User Profile", "content_type": 13, "codename": "delete_stprofile"}}, {"model": "auth.permission", "fields": {"name": "Can add user social auth", "content_type": 14, "codename": "add_usersocialauth"}}, {"model": "auth.permission", "fields": {"name": "Can change user social auth", "content_type": 14, "codename": "change_usersocialauth"}}, {"model": "auth.permission", "fields": {"name": "Can delete user social auth", "content_type": 14, "codename": "delete_usersocialauth"}}, {"model": "auth.permission", "fields": {"name": "Can add nonce", "content_type": 15, "codename": "add_nonce"}}, {"model": "auth.permission", "fields": {"name": "Can change nonce", "content_type": 15, "codename": "change_nonce"}}, {"model": "auth.permission", "fields": {"name": "Can delete nonce", "content_type": 15, "codename": "delete_nonce"}}, {"model": "auth.permission", "fields": {"name": "Can add association", "content_type": 16, "codename": "add_association"}}, {"model": "auth.permission", "fields": {"name": "Can change association", "content_type": 16, "codename": "change_association"}}, {"model": "auth.permission", "fields": {"name": "Can delete association", "content_type": 16, "codename": "delete_association"}}, {"model": "auth.permission", "fields": {"name": "Can add code", "content_type": 17, "codename": "add_code"}}, {"model": "auth.permission", "fields": {"name": "Can change code", "content_type": 17, "codename": "change_code"}}, {"model": "auth.permission", "fields": {"name": "Can delete code", "content_type": 17, "codename": "delete_code"}}, {"model": "auth.user", "fields": {"password": "pbkdf2_sha256$24000$VnuEbHXHwbhe$uO4kkXe3M/OBQRqVcZLNivEN4OdGpkKPuI2pmbgyLWs=", "last_login": "2016-03-23T07:11:27Z", "is_superuser": true, "username": "admin", "first_name": "", "last_name": "", "email": "kominterna62@gmail.com", "is_staff": true, "is_active": true, "date_joined": "2015-12-08T09:39:52Z", "groups": [], "user_permissions": []}}, {"model": "auth.user", "fields": {"password": "pbkdf2_sha256$24000$Sq5GpnWLSpPJ$qr9/5Wm8pIteDhXuSSV5TwjHPOLHzLuQVkI38+crRqc=", "last_login": "2016-03-10T10:55:02Z", "is_superuser": false, "username": "alex", "first_name": "\u041e\u043b\u0435\u0433", "last_name": "\u041c\u0438\u043a\u043e\u043b\u0430\u0439\u043e\u0432\u0438\u0447", "email": "alex@jk.kl", "is_staff": false, "is_active": true, "date_joined": "2016-03-09T12:01:38Z", "groups": [], "user_permissions": [10]}}, {"model": "auth.user", "fields": {"password": "pbkdf2_sha256$24000$3snzpi2WY2rp$s/5Kkqd19nmqZtb+bt041Qg2s1zSvujxZJM+wpM8FUM=", "last_login": "2016-03-15T08:33:45Z", "is_superuser": false, "username": "test", "first_name": "", "last_name": "", "email": "test@ts.ts", "is_staff": false, "is_active": true, "date_joined": "2016-03-10T08:06:34Z", "groups": [], "user_permissions": []}}, {"model": "auth.user", "fields": {"password": "!JO5ia2zHLKA3KGAMSlR9knSfe4XxAlJBrU6TZ9N1", "last_login": "2016-03-10T18:31:10Z", "is_superuser": false, "username": "AlexLeonS", "first_name": "Alex", "last_name": "Leon S", "email": "", "is_staff": false, "is_active": true, "date_joined": "2016-03-10T15:58:50Z", "groups": [], "user_permissions": []}}, {"model": "auth.user", "fields": {"password": "pbkdf2_sha256$24000$amH68Eb4p8NM$8F8mqR/p6JZTPV/l1ZiVEeNCugfkjJwmdBMRmKahK6I=", "last_login": "2016-03-15T10:57:52Z", "is_superuser": false, "username": "user", "first_name": "", "last_name": "", "email": "test@ts.ts", "is_staff": false, "is_active": true, "date_joined": "2016-03-15T08:37:15Z", "groups": [], "user_permissions": []}}, {"model": "sessions.session", "pk": "6hz5ycjfm53g6z5r50cn7vwdu6r3n8ek", "fields": {"session_data": "ZTU0N2ZjZGE5YmQyOWRmMjgyMWQ2MTAyNzE1OGZmZmMwOTkwM2JmMDp7ImZhY2Vib29rX3N0YXRlIjoiWVBzWUxvVDV6bFdQSk83aGJod004R0xtTTNLcmpFUXQiLCJfYXV0aF91c2VyX2hhc2giOiI0NTQ3MTNiZTc3Yjk4NjQxYjY2Y2RiN2NlNzMwMzM3YTBlNzlhNjdiIiwiX2F1dGhfdXNlcl9iYWNrZW5kIjoiZGphbmdvLmNvbnRyaWIuYXV0aC5iYWNrZW5kcy5Nb2RlbEJhY2tlbmQiLCJfYXV0aF91c2VyX2lkIjoiMSIsIm5leHQiOiIvIn0=", "expire_date": "2016-03-25T12:52:13Z"}}, {"model": "sessions.session", "pk": "c34bpp7rbvwcwixfk4kuz80w4xbvhhss", "fields": {"session_data": "MmY0YThiMTY5Yzg4MzgzN2ZmOWY1NTQwODVlYjJiYTZkODc3YzY3Zjp7Il9sYW5ndWFnZSI6InVrIiwiX2F1dGhfdXNlcl9oYXNoIjoiNDU0NzEzYmU3N2I5ODY0MWI2NmNkYjdjZTczMDMzN2EwZTc5YTY3YiIsIl9hdXRoX3VzZXJfaWQiOiIxIiwiX2F1dGhfdXNlcl9iYWNrZW5kIjoiZGphbmdvLmNvbnRyaWIuYXV0aC5iYWNrZW5kcy5Nb2RlbEJhY2tlbmQifQ==", "expire_date": "2016-04-06T07:21:49Z"}}, {"model": "sessions.session", "pk": "fs0kcripb4aqz2tu8l23wf8h4pac0ta0", "fields": {"session_data": "ZTMyZDc4NjAzMTE3YzhkNTMwYzk1NzFjOGQwYjA1OTcxOWM3MDBmYjp7Il9hdXRoX3VzZXJfaGFzaCI6IjQ1NDcxM2JlNzdiOTg2NDFiNjZjZGI3Y2U3MzAzMzdhMGU3OWE2N2IiLCJfYXV0aF91c2VyX2JhY2tlbmQiOiJkamFuZ28uY29udHJpYi5hdXRoLmJhY2tlbmRzLk1vZGVsQmFja2VuZCIsIl9hdXRoX3VzZXJfaWQiOiIxIn0=", "expire_date": "2016-01-01T12:41:16Z"}}, {"model": "sessions.session", "pk": "kaoeq4y6g8uuev29emd8bbv5sswne10t", "fields": {"session_data": "ZTMyZDc4NjAzMTE3YzhkNTMwYzk1NzFjOGQwYjA1OTcxOWM3MDBmYjp7Il9hdXRoX3VzZXJfaGFzaCI6IjQ1NDcxM2JlNzdiOTg2NDFiNjZjZGI3Y2U3MzAzMzdhMGU3OWE2N2IiLCJfYXV0aF91c2VyX2JhY2tlbmQiOiJkamFuZ28uY29udHJpYi5hdXRoLmJhY2tlbmRzLk1vZGVsQmFja2VuZCIsIl9hdXRoX3VzZXJfaWQiOiIxIn0=", "expire_date": "2016-01-01T12:44:05Z"}}, {"model": "sessions.session", "pk": "oa0ckccka3sirtkpbojga2it7vjaukzv", "fields": {"session_data": "ZTMyZDc4NjAzMTE3YzhkNTMwYzk1NzFjOGQwYjA1OTcxOWM3MDBmYjp7Il9hdXRoX3VzZXJfaGFzaCI6IjQ1NDcxM2JlNzdiOTg2NDFiNjZjZGI3Y2U3MzAzMzdhMGU3OWE2N2IiLCJfYXV0aF91c2VyX2JhY2tlbmQiOiJkamFuZ28uY29udHJpYi5hdXRoLmJhY2tlbmRzLk1vZGVsQmFja2VuZCIsIl9hdXRoX3VzZXJfaWQiOiIxIn0=", "expire_date": "2016-02-25T17:48:08Z"}}, {"model": "sessions.session", "pk": "wk2e7z1ymz0rwgwemzyflowbtnzw3vf2", "fields": {"session_data": "ZTMyZDc4NjAzMTE3YzhkNTMwYzk1NzFjOGQwYjA1OTcxOWM3MDBmYjp7Il9hdXRoX3VzZXJfaGFzaCI6IjQ1NDcxM2JlNzdiOTg2NDFiNjZjZGI3Y2U3MzAzMzdhMGU3OWE2N2IiLCJfYXV0aF91c2VyX2JhY2tlbmQiOiJkamFuZ28uY29udHJpYi5hdXRoLmJhY2tlbmRzLk1vZGVsQmFja2VuZCIsIl9hdXRoX3VzZXJfaWQiOiIxIn0=", "expire_date": "2016-01-11T09:32:29Z"}}, {"model": "default.usersocialauth", "pk": 1, "fields": {"user": 4, "provider": "facebook", "uid": "10201111957036993", "extra_data": "{\"access_token\": \"CAACUSu2PTTkBAOYaf5zZBThyValYyUuDhGB72eBfFimZCC2AMN3oRBeZCGmfsWqKftJRbAyzwAThVuSlbcrslT06CZCgD9bczfnoUSr188uzNZBZB7O2eTUU2TjQZCOE9vPVAL7KTV6SaHVXO7q4sas7ZBNQA0luxzjdk3RRBNm3GV6sS67UQDNUvojrIZCzOrBYZD\", \"expires\": null, \"id\": \"10201111957036993\"}"}}, {"model": "students.student", "pk": 1, "fields": {"first_name": "\u041e\u043b\u0435\u0433", "last_name": "\u041f\u043e\u0434\u043e\u0431a", "middle_name": "", "birthday": "2014-10-11", "photo": "", "ticket": "237", "student_group": 1, "notes": ""}}, {"model": "students.student", "pk": 3, "fields": {"first_name": "\u041d\u0456\u043a\u043e\u043b\u0430\u0439", "last_name": "\u041c\u0430\u043ao\u0432\u0441\u044c\u043a\u0438\u0439", "middle_name": "\u041e\u043b\u0435\u0433\u043e\u0432\u0438\u0447", "birthday": "1983-07-06", "photo": "./IMG_20141101_092447.jpg", "ticket": "773", "student_group": 2, "notes": ""}}, {"model": "students.student", "pk": 6, "fields": {"first_name": "\u0406\u043b\u044f", "last_name": "\u0415\u0440\u0435\u043d\u0431\u0443\u0440\u0433", "middle_name": "\u0414\u0430\u0432\u0438\u0434\u043e\u0432\u0438\u0447", "birthday": "2000-07-21", "photo": "./gcc.jpg", "ticket": "56", "student_group": 4, "notes": ""}}, {"model": "students.student", "pk": 7, "fields": {"first_name": "\u0421\u043e\u0444\u0456\u044f", "last_name": "\u0421\u0442\u0440\u0443\u043a\u043e\u0432\u0430", "middle_name": "\u041e\u043b\u0435\u043a\u0441\u0430\u043d\u0434\u0440\u043e\u0432\u043d\u0430", "birthday": "2001-03-23", "photo": "./success1.jpg", "ticket": "54", "student_group": 5, "notes": ""}}, {"model": "students.student", "pk": 8, "fields": {"first_name": "\u0410\u043d\u044f", "last_name": "\u041f\u0456\u043b\u0456\u043f\u0435\u043d\u043a\u043e", "middle_name": "\u041e\u043b\u0435\u043a\u0441\u0430\u043d\u0434\u0440\u043e\u0432\u043d\u0430", "birthday": "2002-11-12", "photo": "./payoneercard_small.jpg", "ticket": "78", "student_group": 5, "notes": ""}}, {"model": "students.student", "pk": 9, "fields": {"first_name": "\u0412\u043b\u0430\u0434", "last_name": "\u0412\u043e\u0432\u043a", "middle_name": "\u0410\u043d\u0434\u0440\u0456\u0439\u043e\u0432\u0438\u0447", "birthday": "2003-06-26", "photo": "./\u0414\u0435\u0442\u0438_\u041c\u0430\u0439\u0434\u0430\u043d\u0430.jpg", "ticket": "90", "student_group": 4, "notes": ""}}, {"model": "students.student", "pk": 10, "fields": {"first_name": "\u0406\u0440\u0438\u043d\u0430", "last_name": "\u0413\u043e\u0439", "middle_name": "\u041e\u043b\u0435\u043a\u0441\u0456\u0457\u0432\u043d\u0430", "birthday": "1999-12-09", "photo": "./foto.JPG", "ticket": "21", "student_group": 3, "notes": ""}}, {"model": "students.student", "pk": 11, "fields": {"first_name": "\u0412\u0456\u0442\u0430\u043b\u0456\u0439", "last_name": "\u0420\u043e\u043c\u0430\u043d\u0447\u0435\u043d\u043a\u043e", "middle_name": "\u042e\u0440\u0435\u0432\u0438\u0447", "birthday": "1998-10-10", "photo": "./family.jpg", "ticket": "43", "student_group": 2, "notes": ""}}, {"model": "students.student", "pk": 12, "fields": {"first_name": "\u0412\u0430\u0441\u0438\u043b\u044c", "last_name": "\u0422\u043e\u043f\u043e\u043b\u044f", "middle_name": "\u0421\u0435\u0440\u0433\u0456\u0439\u043e\u0432\u0438\u0447", "birthday": "1979-12-23", "photo": "", "ticket": "32", "student_group": 1, "notes": ""}}, {"model": "students.student", "pk": 13, "fields": {"first_name": "\u041a\u0456\u0440\u0456\u043b", "last_name": "\u0421\u0456\u043f\u043a\u043e", "middle_name": "", "birthday": "2015-12-25", "photo": "", "ticket": "6", "student_group": 6, "notes": ""}}, {"model": "students.student", "pk": 14, "fields": {"first_name": "\u0420\u0443\u0441\u043b\u0430\u043d", "last_name": "\u041a\u0443\u0445\u0430\u0440\u0447\u0443\u043a", "middle_name": "", "birthday": "2015-12-25", "photo": "", "ticket": "87", "student_group": 6, "notes": ""}}, {"model": "students.student", "pk": 15, "fields": {"first_name": "\u0412\u043e\u043b\u043e\u0434\u0438\u043c\u0438\u0440", "last_name": "\u0421\u0443\u043f\u0440\u0443\u043d", "middle_name": "", "birthday": "2015-12-28", "photo": "", "ticket": "97", "student_group": 2, "notes": ""}}, {"model": "students.student", "pk": 16, "fields": {"first_name": "\u041f\u0435\u0442\u0440\u043e", "last_name": "\u041f\u043e\u0440\u043e\u0448\u0435\u043d\u043a\u043e", "middle_name": "", "birthday": "1954-12-28", "photo": "", "ticket": "62", "student_group": 5, "notes": ""}}, {"model": "students.student", "pk": 17, "fields": {"first_name": "\u0421\u0435\u043c\u0435\u043d", "last_name": "\u041f\u0440\u0443\u043d\u044c\u043a\u043e", "middle_name": "\u0410\u043d\u0434\u0440\u0456\u0439\u043e\u0432\u0438\u0447", "birthday": "1997-04-14", "photo": "./20130506_121209.jpg", "ticket": "33", "student_group": 2, "notes": ""}}, {"model": "students.student", "pk": 18, "fields": {"first_name": "\u041a\u0430\u0442\u0435\u0440\u0438\u043d\u0430", "last_name": "\u041e\u043c\u0435\u043b\u044c", "middle_name": "\u0406\u0441\u0430\u0430\u043a\u043e\u0432\u043d\u0430", "birthday": "2002-11-17", "photo": "./1BS1_\u043f\u0443\u0442\u0435\u0432\u043e\u0439_\u0412\u041f\u0424_\u043b\u044e\u043b\u044c\u043a\u0438_\u0440\u0438\u0441_2.jpg", "ticket": "78", "student_group": 6, "notes": ""}}, {"model": "students.student", "pk": 19, "fields": {"first_name": "\u0414\u0436\u043e\u043d", "last_name": "\u0414\u0456\u0440", "middle_name": "\u0414\u0436\u0435\u043a\u0441\u043e\u043d", "birthday": "1989-08-10", "photo": "./4BL1_\u0440\u0435\u043b\u0435_\u0432_\u042d\u041f-10_\u0440\u0438\u0441_1.jpg", "ticket": "543", "student_group": 4, "notes": "\u043c\u0430\u0440\u0430\u043a\u0430\u043d\u0435\u0446\u044c"}}, {"model": "students.student", "pk": 20, "fields": {"first_name": "\u041e\u043b\u0435\u043d\u0430", "last_name": "\u0422\u043a\u0430\u0447\u0443\u043a", "middle_name": "\u041c\u0438\u0445\u0430\u0439\u043b\u0456\u0432\u043d\u0430", "birthday": "1997-10-26", "photo": "./1.jpg", "ticket": "83", "student_group": 1, "notes": ""}}, {"model": "students.student", "pk": 21, "fields": {"first_name": "\u041e\u043b\u044c\u0433\u0430", "last_name": "\u0420\u0435\u0432\u0430", "middle_name": "\u041e\u043b\u0435\u0433\u0456\u0432\u043d\u0430", "birthday": "1998-06-07", "photo": "./1_IvcZ26u.jpg", "ticket": "49", "student_group": 5, "notes": "OK"}}, {"model": "students.student", "pk": 22, "fields": {"first_name": "Sam", "last_name": "Jay", "middle_name": "John", "birthday": "2005-10-10", "photo": "", "ticket": "22", "student_group": 4, "notes": ""}}, {"model": "students.student", "pk": 23, "fields": {"first_name": "\u041b\u0456\u0434\u0456\u044f", "last_name": "\u041f\u043e\u0436\u0438\u0434\u0430\u0454\u0432\u0430", "middle_name": "\u0412\u043e\u043b\u043e\u0434\u0438\u043c\u0438\u0440\u0456\u0432\u043d\u0430", "birthday": "2010-09-01", "photo": "", "ticket": "77", "student_group": 1, "notes": ""}}, {"model": "students.student", "pk": 24, "fields": {"first_name": "\u041b\u0456\u0434\u0456\u044f", "last_name": "\u041f\u043e\u0436\u0438\u0434\u0430\u0454\u0432\u0430", "middle_name": "\u0412\u043e\u043b\u043e\u0434\u0438\u043c\u0438\u0440\u0456\u0432\u043d\u0430", "birthday": "2010-09-01", "photo": "", "ticket": "77", "student_group": 1, "notes": ""}}, {"model": "students.student", "pk": 25, "fields": {"first_name": "\u0414\u043c\u0438\u0442\u0440\u043e", "last_name": "\u0424\u043e\u043a\u0456\u043d", "middle_name": "\u041f\u0430\u0432\u043b\u043e\u0432\u0438\u0447", "birthday": "2012-01-01", "photo": "", "ticket": "88", "student_group": 2, "notes": ""}}, {"model": "students.student", "pk": 26, "fields": {"first_name": "\u0414\u0436\u043e\u043d", "last_name": "\u0420\u0430\u0434\u043e\u043c\u0441\u043a\u0438", "middle_name": "\u041b\u0435\u043e\u043d", "birthday": "2015-08-05", "photo": "./\u0443\u043a\u0440\u0430\u0438\u043d\u0430.jpg", "ticket": "534", "student_group": 6, "notes": ""}}, {"model": "students.student", "pk": 27, "fields": {"first_name": "\u0414\u0436\u0435\u043a", "last_name": "\u041c\u043e\u043d\u0440\u043e", "middle_name": "\u041b\u0438", "birthday": "2016-02-05", "photo": "", "ticket": "222", "student_group": 3, "notes": ""}}, {"model": "students.student", "pk": 28, "fields": {"first_name": "One1", "last_name": "Two", "middle_name": "Three", "birthday": "2016-03-11", "photo": "", "ticket": "624", "student_group": 6, "notes": ""}}, {"model": "students.student", "pk": 32, "fields": {"first_name": "a", "last_name": "B", "middle_name": "", "birthday": "2016-03-17", "photo": "", "ticket": "3", "student_group": 5, "notes": ""}}, {"model": "students.student", "pk": 33, "fields": {"first_name": "Sam", "last_name": "D", "middle_name": "", "birthday": "2016-03-11", "photo": "", "ticket": "22", "student_group": 4, "notes": ""}}, {"model": "students.student", "pk": 34, "fields": {"first_name": "d", "last_name": "f", "middle_name": "g", "birthday": "2016-03-16", "photo": "", "ticket": "90", "student_group": 6, "notes": ""}}, {"model": "students.student", "pk": 35, "fields": {"first_name": "r", "last_name": "e", "middle_name": "t", "birthday": "2016-03-08", "photo": "", "ticket": "80", "student_group": 2, "notes": ""}}, {"model": "students.group", "pk": 1, "fields": {"title": "\u041c\u0422\u041c1", "leader": 24, "notes": ""}}, {"model": "students.group", "pk": 2, "fields": {"title": "\u0410\u0415\u0421-96", "leader": 17, "notes": ""}}, {"model": "students.group", "pk": 3, "fields": {"title": "\u0412\u0422-08", "leader": 8, "notes": ""}}, {"model": "students.group", "pk": 4, "fields": {"title": "\u041f\u041f\u0422-12", "leader": 11, "notes": ""}}, {"model": "students.group", "pk": 5, "fields": {"title": "PyDjango", "leader": 3, "notes": ""}}, {"model": "students.group", "pk": 6, "fields": {"title": "\u0414\u0423\u041a", "leader": 7, "notes": ""}}, {"model": "students.group", "pk": 8, "fields": {"title": "PRO", "leader": 15, "notes": ""}}, {"model": "students.monthjournal", "pk": 1, "fields": {"student": 9, "date": "2016-02-01", "present_day1": false, "present_day2": false, "present_day3": false, "present_day4": false, "present_day5": false, "present_day6": false, "present_day7": false, "present_day8": true, "present_day9": false, "present_day10": false, "present_day11": false, "present_day12": false, "present_day13": false, "present_day14": false, "present_day15": false, "present_day16": false, "present_day17": false, "present_day18": false, "present_day19": false, "present_day20": false, "present_day21": false, "present_day22": false, "present_day23": false, "present_day24": false, "present_day25": false, "present_day26": false, "present_day27": false, "present_day28": false, "present_day29": false, "present_day30": false, "present_day31": false}}, {"model": "students.monthjournal", "pk": 2, "fields": {"student": 1, "date": "2016-02-01", "present_day1": false, "present_day2": false, "present_day3": false, "present_day4": false, "present_day5": true, "present_day6": false, "present_day7": false, "present_day8": false, "present_day9": false, "present_day10": false, "present_day11": false, "present_day12": false, "present_day13": true, "present_day14": false, "present_day15": false, "present_day16": false, "present_day17": false, "present_day18": false, "present_day19": false, "present_day20": false, "present_day21": false, "present_day22": false, "present_day23": false, "present_day24": false, "present_day25": false, "present_day26": false, "present_day27": false, "present_day28": false, "present_day29": false, "present_day30": false, "present_day31": false}}, {"model": "students.monthjournal", "pk": 4, "fields": {"student": 11, "date": "2016-02-01", "present_day1": false, "present_day2": false, "present_day3": false, "present_day4": false, "present_day5": false, "present_day6": false, "present_day7": false, "present_day8": true, "present_day9": false, "present_day10": false, "present_day11": false, "present_day12": false, "present_day13": false, "present_day14": true, "present_day15": false, "present_day16": true, "present_day17": false, "present_day18": false, "present_day19": false, "present_day20": false, "present_day21": false, "present_day22": false, "present_day23": false, "present_day24": false, "present_day25": false, "present_day26": false, "present_day27": false, "present_day28": false, "present_day29": false, "present_day30": false, "present_day31": false}}, {"model": "students.monthjournal", "pk": 5, "fields": {"student": 9, "date": "2016-01-01", "present_day1": false, "present_day2": false, "present_day3": false, "present_day4": true, "present_day5": false, "present_day6": false, "present_day7": false, "present_day8": false, "present_day9": false, "present_day10": false, "present_day11": false, "present_day12": false, "present_day13": false, "present_day14": false, "present_day15": false, "present_day16": false, "present_day17": false, "present_day18": false, "present_day19": false, "present_day20": false, "present_day21": false, "present_day22": false, "present_day23": false, "present_day24": false, "present_day25": false, "present_day26": false, "present_day27": false, "present_day28": false, "present_day29": false, "present_day30": false, "present_day31": false}}, {"model": "students.monthjournal", "pk": 6, "fields": {"student": 19, "date": "2016-01-01", "present_day1": false, "present_day2": false, "present_day3": false, "present_day4": false, "present_day5": false, "present_day6": false, "present_day7": false, "present_day8": false, "present_day9": false, "present_day10": false, "present_day11": true, "present_day12": false, "present_day13": false, "present_day14": false, "present_day15": false, "present_day16": false, "present_day17": false, "present_day18": false, "present_day19": false, "present_day20": false, "present_day21": false, "present_day22": false, "present_day23": false, "present_day24": false, "present_day25": false, "present_day26": false, "present_day27": false, "present_day28": false, "present_day29": false, "present_day30": false, "present_day31": false}}, {"model": "students.monthjournal", "pk": 7, "fields": {"student": 6, "date": "2016-01-01", "present_day1": false, "present_day2": false, "present_day3": false, "present_day4": false, "present_day5": false, "present_day6": true, "present_day7": false, "present_day8": false, "present_day9": false, "present_day10": false, "present_day11": false, "present_day12": false, "present_day13": false, "present_day14": false, "present_day15": false, "present_day16": false, "present_day17": false, "present_day18": false, "present_day19": false, "present_day20": false, "present_day21": false, "present_day22": false, "present_day23": false, "present_day24": false, "present_day25": false, "present_day26": false, "present_day27": false, "present_day28": false, "present_day29": false, "present_day30": false, "present_day31": false}}, {"model": "students.monthjournal", "pk": 8, "fields": {"student": 22, "date": "2016-03-01", "present_day1": false, "present_day2": false, "present_day3": false, "present_day4": false, "present_day5": false, "present_day6": false, "present_day7": true, "present_day8": false, "present_day9": false, "present_day10": false, "present_day11": false, "present_day12": false, "present_day13": false, "present_day14": false, "present_day15": false, "present_day16": false, "present_day17": false, "present_day18": false, "present_day19": false, "present_day20": false, "present_day21": false, "present_day22": false, "present_day23": false, "present_day24": false, "present_day25": false, "present_day26": false, "present_day27": false, "present_day28": false, "present_day29": false, "present_day30": false, "present_day31": false}}, {"model": "students.exam", "pk": 1, "fields": {"title": "C++", "date": "2015-12-29T11:34:54Z", "teacher": "\u0420\u043e\u0431\u0435\u0440\u0442 \u041c\u0430\u043a\u041b\u0430\u0440\u0435\u043d", "exam_group": 2}}, {"model": "students.exam", "pk": 2, "fields": {"title": "Javascript", "date": "2015-11-21T11:35:41Z", "teacher": "\u0410\u0440\u043d\u043e\u043b\u044c\u0434 \u0415\u0440\u0435\u043d\u0431\u0443\u0440\u0433", "exam_group": 6}}, {"model": "students.exam", "pk": 3, "fields": {"title": "JQuery", "date": "2016-07-04T11:36:40Z", "teacher": "\u0410\u043d\u0456\u0442\u0430 \u041f\u0435\u0440\u0435\u043b\u043b\u0456", "exam_group": 1}}, {"model": "students.exam", "pk": 4, "fields": {"title": "Backend", "date": "2016-10-14T11:53:23Z", "teacher": "\u0417\u043e\u0440\u0456\u043d \u041c\u0430\u0440\u0442\u0456\u043d", "exam_group": 5}}, {"model": "students.exam", "pk": 5, "fields": {"title": "JS", "date": "2016-03-10T08:32:01Z", "teacher": "Jan Be", "exam_group": 5}}, {"model": "students.exam", "pk": 6, "fields": {"title": "BD", "date": "2016-03-10T08:32:47Z", "teacher": "Le", "exam_group": 6}}, {"model": "studentsdb.stprofile", "pk": 1, "fields": {"user": 2, "mobile_phone": "+38096123456", "adress": "67045\r\n\u0412\u0430\u0448\u0438\u043d\u0433\u0442\u043e\u043d\r\n\u0422\u0430\u0439\u043c \u0430\u0432\u0435\u043d\u044e\r\n62", "passport": "BN0177733"}}, {"model": "admin.logentry", "pk": 1, "fields": {"action_time": "2015-12-18T12:47:23Z", "user": 1, "content_type": 7, "object_id": "3", "object_repr": "\u041d\u0456\u043a\u043e\u043b\u0430\u0439 \u041c\u0430\u043a\u043e\u0432\u0441\u044c\u043a\u0438\u0439", "action_flag": 1, "change_message": "Added."}}, {"model": "admin.logentry", "pk": 2, "fields": {"action_time": "2015-12-18T12:48:41Z", "user": 1, "content_type": 7, "object_id": "4", "object_repr": "\u0421\u0442\u0430\u0441 \u0413\u0440\u0456\u043d", "action_flag": 1, "change_message": "Added."}}, {"model": "admin.logentry", "pk": 3, "fields": {"action_time": "2015-12-18T12:49:58Z", "user": 1, "content_type": 7, "object_id": "5", "object_repr": "\u0412\u0430\u043b\u044c\u0434\u0435\u043c\u0430\u0440 \u0413\u0440\u0438\u0446\u0435\u0432\u0438\u0447", "action_flag": 1, "change_message": "Added."}}, {"model": "admin.logentry", "pk": 4, "fields": {"action_time": "2015-12-21T07:08:32Z", "user": 1, "content_type": 7, "object_id": "5", "object_repr": "\u0412\u0430\u043b\u044c\u0434\u0435\u043c\u0430\u0440 \u0413\u0440\u0438\u0446\u0435\u0432\u0438\u0447", "action_flag": 2, "change_message": "Changed photo."}}, {"model": "admin.logentry", "pk": 5, "fields": {"action_time": "2015-12-21T07:17:01Z", "user": 1, "content_type": 7, "object_id": "5", "object_repr": "\u0412\u0430\u043b\u044c\u0434\u0435\u043c\u0430\u0440 \u0413\u0440\u0438\u0446\u0435\u0432\u0438\u0447", "action_flag": 2, "change_message": "Changed photo."}}, {"model": "admin.logentry", "pk": 6, "fields": {"action_time": "2015-12-21T07:18:54Z", "user": 1, "content_type": 7, "object_id": "5", "object_repr": "\u0412\u0430\u043b\u044c\u0434\u0435\u043c\u0430\u0440 \u0413\u0440\u0438\u0446\u0435\u0432\u0438\u0447", "action_flag": 2, "change_message": "Changed photo."}}, {"model": "admin.logentry", "pk": 7, "fields": {"action_time": "2015-12-21T07:25:03Z", "user": 1, "content_type": 7, "object_id": "5", "object_repr": "\u0412\u0430\u043b\u044c\u0434\u0435\u043c\u0430\u0440 \u0413\u0440\u0438\u0446\u0435\u0432\u0438\u0447", "action_flag": 2, "change_message": "Changed photo."}}, {"model": "admin.logentry", "pk": 8, "fields": {"action_time": "2015-12-21T07:26:23Z", "user": 1, "content_type": 7, "object_id": "5", "object_repr": "\u0412\u0430\u043b\u044c\u0434\u0435\u043c\u0430\u0440 \u0413\u0440\u0438\u0446\u0435\u0432\u0438\u0447", "action_flag": 2, "change_message": "Changed photo."}}, {"model": "admin.logentry", "pk": 9, "fields": {"action_time": "2015-12-21T07:27:36Z", "user": 1, "content_type": 7, "object_id": "5", "object_repr": "\u0412\u0430\u043b\u044c\u0434\u0435\u043c\u0430\u0440 \u0413\u0440\u0438\u0446\u0435\u0432\u0438\u0447", "action_flag": 2, "change_message": "Changed photo."}}, {"model": "admin.logentry", "pk": 10, "fields": {"action_time": "2015-12-21T12:04:35Z", "user": 1, "content_type": 7, "object_id": "6", "object_repr": "\u0406\u043b\u044f \u0415\u0440\u0435\u043d\u0431\u0443\u0440\u0433", "action_flag": 1, "change_message": "Added."}}, {"model": "admin.logentry", "pk": 11, "fields": {"action_time": "2015-12-21T12:05:42Z", "user": 1, "content_type": 7, "object_id": "7", "object_repr": "\u0421\u043e\u0444\u0456\u044f \u0421\u0442\u0440\u0443\u043a\u043e\u0432\u0430", "action_flag": 1, "change_message": "Added."}}, {"model": "admin.logentry", "pk": 12, "fields": {"action_time": "2015-12-21T12:06:51Z", "user": 1, "content_type": 7, "object_id": "8", "object_repr": "\u0410\u043d\u044f \u041f\u0456\u043b\u0456\u043f\u0435\u043d\u043a\u043e", "action_flag": 1, "change_message": "Added."}}, {"model": "admin.logentry", "pk": 13, "fields": {"action_time": "2015-12-21T12:08:49Z", "user": 1, "content_type": 7, "object_id": "9", "object_repr": "\u0412\u043b\u0430\u0434 \u0412\u043e\u0432\u043a", "action_flag": 1, "change_message": "Added."}}, {"model": "admin.logentry", "pk": 14, "fields": {"action_time": "2015-12-21T12:10:32Z", "user": 1, "content_type": 7, "object_id": "10", "object_repr": "\u0406\u0440\u0438\u043d\u0430 \u0413\u043e\u0439", "action_flag": 1, "change_message": "Added."}}, {"model": "admin.logentry", "pk": 15, "fields": {"action_time": "2015-12-21T12:11:28Z", "user": 1, "content_type": 7, "object_id": "11", "object_repr": "\u0412\u0456\u0442\u0430\u043b\u0456\u0439 \u0420\u043e\u043c\u0430\u043d\u0447\u0435\u043d\u043a\u043e", "action_flag": 1, "change_message": "Added."}}, {"model": "admin.logentry", "pk": 16, "fields": {"action_time": "2015-12-23T08:34:55Z", "user": 1, "content_type": 7, "object_id": "4", "object_repr": "\u0421\u0442\u0430\u0441 \u0413\u0440\u0456\u043d", "action_flag": 3, "change_message": ""}}, {"model": "admin.logentry", "pk": 17, "fields": {"action_time": "2015-12-23T12:14:50Z", "user": 1, "content_type": 7, "object_id": "12", "object_repr": "\u0412\u0430\u0441\u0438\u043b\u044c \u0422\u043e\u043f\u043e\u043b\u044f", "action_flag": 1, "change_message": "Added."}}, {"model": "admin.logentry", "pk": 18, "fields": {"action_time": "2015-12-24T12:22:01Z", "user": 1, "content_type": 8, "object_id": "2", "object_repr": "\u0410\u0415\u0421-96 (\u0412\u0430\u043b\u044c\u0434\u0435\u043c\u0430\u0440 \u0413\u0440\u0438\u0446\u0435\u0432\u0438\u0447)", "action_flag": 1, "change_message": "Added."}}, {"model": "admin.logentry", "pk": 19, "fields": {"action_time": "2015-12-24T12:22:22Z", "user": 1, "content_type": 8, "object_id": "3", "object_repr": "\u0412\u0422-08 (\u0410\u043d\u044f \u041f\u0456\u043b\u0456\u043f\u0435\u043d\u043a\u043e)", "action_flag": 1, "change_message": "Added."}}, {"model": "admin.logentry", "pk": 20, "fields": {"action_time": "2015-12-24T12:22:45Z", "user": 1, "content_type": 8, "object_id": "4", "object_repr": "\u041f\u041f\u0422-12 (\u0412\u0456\u0442\u0430\u043b\u0456\u0439 \u0420\u043e\u043c\u0430\u043d\u0447\u0435\u043d\u043a\u043e)", "action_flag": 1, "change_message": "Added."}}, {"model": "admin.logentry", "pk": 21, "fields": {"action_time": "2015-12-24T12:23:13Z", "user": 1, "content_type": 8, "object_id": "5", "object_repr": "PyDjango (\u041d\u0456\u043a\u043e\u043b\u0430\u0439 \u041c\u0430\u043a\u043e\u0432\u0441\u044c\u043a\u0438\u0439)", "action_flag": 1, "change_message": "Added."}}, {"model": "admin.logentry", "pk": 22, "fields": {"action_time": "2015-12-24T13:15:04Z", "user": 1, "content_type": 7, "object_id": "12", "object_repr": "\u0412\u0430\u0441\u0438\u043b\u044c \u0422\u043e\u043f\u043e\u043b\u044f", "action_flag": 2, "change_message": "Changed student_group."}}, {"model": "admin.logentry", "pk": 23, "fields": {"action_time": "2015-12-24T13:15:19Z", "user": 1, "content_type": 7, "object_id": "1", "object_repr": "Oleg Podoba", "action_flag": 2, "change_message": "Changed student_group."}}, {"model": "admin.logentry", "pk": 24, "fields": {"action_time": "2015-12-24T13:15:37Z", "user": 1, "content_type": 7, "object_id": "11", "object_repr": "\u0412\u0456\u0442\u0430\u043b\u0456\u0439 \u0420\u043e\u043c\u0430\u043d\u0447\u0435\u043d\u043a\u043e", "action_flag": 2, "change_message": "Changed student_group."}}, {"model": "admin.logentry", "pk": 25, "fields": {"action_time": "2015-12-24T13:15:46Z", "user": 1, "content_type": 7, "object_id": "3", "object_repr": "\u041d\u0456\u043a\u043e\u043b\u0430\u0439 \u041c\u0430\u043a\u043e\u0432\u0441\u044c\u043a\u0438\u0439", "action_flag": 2, "change_message": "Changed student_group."}}, {"model": "admin.logentry", "pk": 26, "fields": {"action_time": "2015-12-24T13:15:57Z", "user": 1, "content_type": 7, "object_id": "10", "object_repr": "\u0406\u0440\u0438\u043d\u0430 \u0413\u043e\u0439", "action_flag": 2, "change_message": "Changed student_group."}}, {"model": "admin.logentry", "pk": 27, "fields": {"action_time": "2015-12-24T13:16:04Z", "user": 1, "content_type": 7, "object_id": "5", "object_repr": "\u0412\u0430\u043b\u044c\u0434\u0435\u043c\u0430\u0440 \u0413\u0440\u0438\u0446\u0435\u0432\u0438\u0447", "action_flag": 2, "change_message": "Changed student_group."}}, {"model": "admin.logentry", "pk": 28, "fields": {"action_time": "2015-12-24T13:16:16Z", "user": 1, "content_type": 7, "object_id": "9", "object_repr": "\u0412\u043b\u0430\u0434 \u0412\u043e\u0432\u043a", "action_flag": 2, "change_message": "Changed student_group."}}, {"model": "admin.logentry", "pk": 29, "fields": {"action_time": "2015-12-24T13:16:27Z", "user": 1, "content_type": 7, "object_id": "6", "object_repr": "\u0406\u043b\u044f \u0415\u0440\u0435\u043d\u0431\u0443\u0440\u0433", "action_flag": 2, "change_message": "Changed student_group."}}, {"model": "admin.logentry", "pk": 30, "fields": {"action_time": "2015-12-24T13:16:45Z", "user": 1, "content_type": 7, "object_id": "8", "object_repr": "\u0410\u043d\u044f \u041f\u0456\u043b\u0456\u043f\u0435\u043d\u043a\u043e", "action_flag": 2, "change_message": "Changed student_group."}}, {"model": "admin.logentry", "pk": 31, "fields": {"action_time": "2015-12-24T13:16:55Z", "user": 1, "content_type": 7, "object_id": "7", "object_repr": "\u0421\u043e\u0444\u0456\u044f \u0421\u0442\u0440\u0443\u043a\u043e\u0432\u0430", "action_flag": 2, "change_message": "Changed student_group."}}, {"model": "admin.logentry", "pk": 32, "fields": {"action_time": "2015-12-25T07:04:44Z", "user": 1, "content_type": 7, "object_id": "13", "object_repr": "\u041a\u0456\u0440\u0456\u043b \u0421\u0456\u043f\u043a\u043e", "action_flag": 2, "change_message": "Changed student_group."}}, {"model": "admin.logentry", "pk": 33, "fields": {"action_time": "2015-12-25T07:07:09Z", "user": 1, "content_type": 7, "object_id": "14", "object_repr": "\u0420\u0443\u0441\u043b\u0430\u043d \u041a\u0443\u0445\u0430\u0440\u0447\u0443\u043a", "action_flag": 2, "change_message": "Changed student_group."}}, {"model": "admin.logentry", "pk": 34, "fields": {"action_time": "2015-12-28T09:33:52Z", "user": 1, "content_type": 7, "object_id": "15", "object_repr": "\u0412\u043e\u043b\u043e\u0434\u0438\u043c\u0438\u0440 \u0421\u0443\u043f\u0440\u0443\u043d", "action_flag": 1, "change_message": "Added."}}, {"model": "admin.logentry", "pk": 35, "fields": {"action_time": "2015-12-28T09:34:45Z", "user": 1, "content_type": 7, "object_id": "16", "object_repr": "\u041f\u0435\u0442\u0440\u043e \u041f\u043e\u0440\u043e\u0448\u0435\u043d\u043a\u043e", "action_flag": 1, "change_message": "Added."}}, {"model": "admin.logentry", "pk": 36, "fields": {"action_time": "2015-12-29T07:38:48Z", "user": 1, "content_type": null, "object_id": "1", "object_repr": "\u041d\u0456\u043a\u043e\u043b\u0430\u0439 \u041c\u0430\u043a\u043e\u0432\u0441\u044c\u043a\u0438\u0439", "action_flag": 1, "change_message": "Added."}}, {"model": "admin.logentry", "pk": 37, "fields": {"action_time": "2015-12-29T07:39:11Z", "user": 1, "content_type": null, "object_id": "2", "object_repr": "\u0406\u043b\u044f \u0415\u0440\u0435\u043d\u0431\u0443\u0440\u0433", "action_flag": 1, "change_message": "Added."}}, {"model": "admin.logentry", "pk": 38, "fields": {"action_time": "2015-12-29T07:39:28Z", "user": 1, "content_type": null, "object_id": "3", "object_repr": "\u0412\u0456\u0442\u0430\u043b\u0456\u0439 \u0420\u043e\u043c\u0430\u043d\u0447\u0435\u043d\u043a\u043e", "action_flag": 1, "change_message": "Added."}}, {"model": "admin.logentry", "pk": 39, "fields": {"action_time": "2015-12-29T07:39:48Z", "user": 1, "content_type": null, "object_id": "4", "object_repr": "\u0406\u0440\u0438\u043d\u0430 \u0413\u043e\u0439", "action_flag": 1, "change_message": "Added."}}, {"model": "admin.logentry", "pk": 40, "fields": {"action_time": "2015-12-29T07:40:05Z", "user": 1, "content_type": null, "object_id": "5", "object_repr": "\u0410\u043d\u044f \u041f\u0456\u043b\u0456\u043f\u0435\u043d\u043a\u043e", "action_flag": 1, "change_message": "Added."}}, {"model": "admin.logentry", "pk": 41, "fields": {"action_time": "2015-12-29T11:35:14Z", "user": 1, "content_type": 10, "object_id": "1", "object_repr": "\u0410\u0415\u0421-96 C++", "action_flag": 1, "change_message": "Added."}}, {"model": "admin.logentry", "pk": 42, "fields": {"action_time": "2015-12-29T11:36:06Z", "user": 1, "content_type": 10, "object_id": "2", "object_repr": "\u0414\u0423\u041a Javascript", "action_flag": 1, "change_message": "Added."}}, {"model": "admin.logentry", "pk": 43, "fields": {"action_time": "2015-12-29T11:37:02Z", "user": 1, "content_type": 10, "object_id": "3", "object_repr": "\u041c\u0422\u041c JQuery", "action_flag": 1, "change_message": "Added."}}, {"model": "admin.logentry", "pk": 44, "fields": {"action_time": "2015-12-29T11:53:40Z", "user": 1, "content_type": 10, "object_id": "4", "object_repr": "PyDjango Backend", "action_flag": 1, "change_message": "Added."}}, {"model": "admin.logentry", "pk": 45, "fields": {"action_time": "2015-12-29T17:52:42Z", "user": 1, "content_type": 7, "object_id": "18", "object_repr": "\u041a\u0430\u0442\u0435\u0440\u0438\u043d\u0430 \u041e\u043c\u0435\u043b\u044c", "action_flag": 2, "change_message": "Changed ticket."}}, {"model": "admin.logentry", "pk": 46, "fields": {"action_time": "2015-12-31T08:48:03Z", "user": 1, "content_type": 7, "object_id": "42", "object_repr": "re kj", "action_flag": 3, "change_message": ""}}, {"model": "admin.logentry", "pk": 47, "fields": {"action_time": "2015-12-31T08:48:03Z", "user": 1, "content_type": 7, "object_id": "41", "object_repr": "we rt", "action_flag": 3, "change_message": ""}}, {"model": "admin.logentry", "pk": 48, "fields": {"action_time": "2015-12-31T08:48:03Z", "user": 1, "content_type": 7, "object_id": "40", "object_repr": "we rt", "action_flag": 3, "change_message": ""}}, {"model": "admin.logentry", "pk": 49, "fields": {"action_time": "2015-12-31T08:48:03Z", "user": 1, "content_type": 7, "object_id": "39", "object_repr": "we rt", "action_flag": 3, "change_message": ""}}, {"model": "admin.logentry", "pk": 50, "fields": {"action_time": "2015-12-31T08:48:03Z", "user": 1, "content_type": 7, "object_id": "38", "object_repr": "we rt", "action_flag": 3, "change_message": ""}}, {"model": "admin.logentry", "pk": 51, "fields": {"action_time": "2015-12-31T08:48:03Z", "user": 1, "content_type": 7, "object_id": "37", "object_repr": "\u0414\u043c\u0438\u0442\u0440\u043e \u0424\u043e\u043a\u0456\u043d", "action_flag": 3, "change_message": ""}}, {"model": "admin.logentry", "pk": 52, "fields": {"action_time": "2015-12-31T08:48:03Z", "user": 1, "content_type": 7, "object_id": "36", "object_repr": "\u0414\u043c\u0438\u0442\u0440\u043e \u0424\u043e\u043a\u0456\u043d", "action_flag": 3, "change_message": ""}}, {"model": "admin.logentry", "pk": 53, "fields": {"action_time": "2015-12-31T08:48:03Z", "user": 1, "content_type": 7, "object_id": "35", "object_repr": "\u0414\u043c\u0438\u0442\u0440\u043e \u0424\u043e\u043a\u0456\u043d", "action_flag": 3, "change_message": ""}}, {"model": "admin.logentry", "pk": 54, "fields": {"action_time": "2015-12-31T08:48:03Z", "user": 1, "content_type": 7, "object_id": "34", "object_repr": "\u0414\u043c\u0438\u0442\u0440\u043e \u0424\u043e\u043a\u0456\u043d", "action_flag": 3, "change_message": ""}}, {"model": "admin.logentry", "pk": 55, "fields": {"action_time": "2015-12-31T08:48:03Z", "user": 1, "content_type": 7, "object_id": "33", "object_repr": "\u0414\u043c\u0438\u0442\u0440\u043e \u0424\u043e\u043a\u0456\u043d", "action_flag": 3, "change_message": ""}}, {"model": "admin.logentry", "pk": 56, "fields": {"action_time": "2015-12-31T08:48:03Z", "user": 1, "content_type": 7, "object_id": "32", "object_repr": "\u0414\u043c\u0438\u0442\u0440\u043e \u0424\u043e\u043a\u0456\u043d", "action_flag": 3, "change_message": ""}}, {"model": "admin.logentry", "pk": 57, "fields": {"action_time": "2015-12-31T08:48:04Z", "user": 1, "content_type": 7, "object_id": "31", "object_repr": "\u0414\u043c\u0438\u0442\u0440\u043e \u0424\u043e\u043a\u0456\u043d", "action_flag": 3, "change_message": ""}}, {"model": "admin.logentry", "pk": 58, "fields": {"action_time": "2015-12-31T08:48:04Z", "user": 1, "content_type": 7, "object_id": "30", "object_repr": "\u0414\u043c\u0438\u0442\u0440\u043e \u0424\u043e\u043a\u0456\u043d", "action_flag": 3, "change_message": ""}}, {"model": "admin.logentry", "pk": 59, "fields": {"action_time": "2015-12-31T08:48:04Z", "user": 1, "content_type": 7, "object_id": "29", "object_repr": "\u0414\u043c\u0438\u0442\u0440\u043e \u0424\u043e\u043a\u0456\u043d", "action_flag": 3, "change_message": ""}}, {"model": "admin.logentry", "pk": 60, "fields": {"action_time": "2015-12-31T08:48:04Z", "user": 1, "content_type": 7, "object_id": "28", "object_repr": "\u0414\u043c\u0438\u0442\u0440\u043e \u0424\u043e\u043a\u0456\u043d", "action_flag": 3, "change_message": ""}}, {"model": "admin.logentry", "pk": 61, "fields": {"action_time": "2015-12-31T08:48:04Z", "user": 1, "content_type": 7, "object_id": "27", "object_repr": "\u0414\u043c\u0438\u0442\u0440\u043e \u0424\u043e\u043a\u0456\u043d", "action_flag": 3, "change_message": ""}}, {"model": "admin.logentry", "pk": 62, "fields": {"action_time": "2015-12-31T08:48:04Z", "user": 1, "content_type": 7, "object_id": "26", "object_repr": "\u0414\u043c\u0438\u0442\u0440\u043e \u0424\u043e\u043a\u0456\u043d", "action_flag": 3, "change_message": ""}}, {"model": "admin.logentry", "pk": 63, "fields": {"action_time": "2016-03-10T08:05:13Z", "user": 1, "content_type": 4, "object_id": "2", "object_repr": "alex", "action_flag": 2, "change_message": "\u0417\u043c\u0456\u043d\u0435\u043d\u043e user_permissions."}}, {"model": "admin.logentry", "pk": 64, "fields": {"action_time": "2016-03-10T08:32:16Z", "user": 1, "content_type": 10, "object_id": "5", "object_repr": "PyDjango JS", "action_flag": 1, "change_message": "\u0414\u043e\u0434\u0430\u043d\u043e."}}, {"model": "admin.logentry", "pk": 65, "fields": {"action_time": "2016-03-10T08:32:55Z", "user": 1, "content_type": 10, "object_id": "6", "object_repr": "\u0414\u0423\u041a BD", "action_flag": 1, "change_message": "\u0414\u043e\u0434\u0430\u043d\u043e."}}, {"model": "admin.logentry", "pk": 66, "fields": {"action_time": "2016-03-10T10:08:49Z", "user": 1, "content_type": 4, "object_id": "2", "object_repr": "alex", "action_flag": 2, "change_message": "\u0414\u043e\u0434\u0430\u043d\u043e User Profile \"alex\"."}}, {"model": "admin.logentry", "pk": 67, "fields": {"action_time": "2016-03-10T10:18:39Z", "user": 1, "content_type": 4, "object_id": "2", "object_repr": "alex", "action_flag": 2, "change_message": "\u0417\u043c\u0456\u043d\u0435\u043d\u043e passport \u0434\u043b\u044f User Profile \"alex\"."}}, {"model": "admin.logentry", "pk": 68, "fields": {"action_time": "2016-03-10T10:22:42Z", "user": 1, "content_type": 4, "object_id": "2", "object_repr": "alex", "action_flag": 2, "change_message": "\u0417\u043c\u0456\u043d\u0435\u043d\u043e adress \u0434\u043b\u044f User Profile \"alex\"."}}, {"model": "admin.logentry", "pk": 69, "fields": {"action_time": "2016-03-10T10:54:44Z", "user": 1, "content_type": 4, "object_id": "2", "object_repr": "alex", "action_flag": 2, "change_message": "\u0417\u043c\u0456\u043d\u0435\u043d\u043e first_name \u0442\u0430 last_name."}}]